hand_name	strength
Badugi-04_03_02_01	1092
Badugi-05_03_02_01	1091
Badugi-05_04_02_01	1090
Badugi-05_04_03_01	1089
Badugi-05_04_03_02	1088
Badugi-06_03_02_01	1087
Badugi-06_04_02_01	1086
Badugi-06_04_03_01	1085
Badugi-06_04_03_02	1084
Badugi-06_05_02_01	1083
Badugi-06_05_03_01	1082
Badugi-06_05_03_02	1081
Badugi-06_05_04_01	1080
Badugi-06_05_04_02	1079
Badugi-06_05_04_03	1078
Badugi-07_03_02_01	1077
Badugi-07_04_02_01	1076
Badugi-07_04_03_01	1075
Badugi-07_04_03_02	1074
Badugi-07_05_02_01	1073
Badugi-07_05_03_01	1072
Badugi-07_05_03_02	1071
Badugi-07_05_04_01	1070
Badugi-07_05_04_02	1069
Badugi-07_05_04_03	1068
Badugi-07_06_02_01	1067
Badugi-07_06_03_01	1066
Badugi-07_06_03_02	1065
Badugi-07_06_04_01	1064
Badugi-07_06_04_02	1063
Badugi-07_06_04_03	1062
Badugi-07_06_05_01	1061
Badugi-07_06_05_02	1060
Badugi-07_06_05_03	1059
Badugi-07_06_05_04	1058
Badugi-08_03_02_01	1057
Badugi-08_04_02_01	1056
Badugi-08_04_03_01	1055
Badugi-08_04_03_02	1054
Badugi-08_05_02_01	1053
Badugi-08_05_03_01	1052
Badugi-08_05_03_02	1051
Badugi-08_05_04_01	1050
Badugi-08_05_04_02	1049
Badugi-08_05_04_03	1048
Badugi-08_06_02_01	1047
Badugi-08_06_03_01	1046
Badugi-08_06_03_02	1045
Badugi-08_06_04_01	1044
Badugi-08_06_04_02	1043
Badugi-08_06_04_03	1042
Badugi-08_06_05_01	1041
Badugi-08_06_05_02	1040
Badugi-08_06_05_03	1039
Badugi-08_06_05_04	1038
Badugi-08_07_02_01	1037
Badugi-08_07_03_01	1036
Badugi-08_07_03_02	1035
Badugi-08_07_04_01	1034
Badugi-08_07_04_02	1033
Badugi-08_07_04_03	1032
Badugi-08_07_05_01	1031
Badugi-08_07_05_02	1030
Badugi-08_07_05_03	1029
Badugi-08_07_05_04	1028
Badugi-08_07_06_01	1027
Badugi-08_07_06_02	1026
Badugi-08_07_06_03	1025
Badugi-08_07_06_04	1024
Badugi-08_07_06_05	1023
Badugi-09_03_02_01	1022
Badugi-09_04_02_01	1021
Badugi-09_04_03_01	1020
Badugi-09_04_03_02	1019
Badugi-09_05_02_01	1018
Badugi-09_05_03_01	1017
Badugi-09_05_03_02	1016
Badugi-09_05_04_01	1015
Badugi-09_05_04_02	1014
Badugi-09_05_04_03	1013
Badugi-09_06_02_01	1012
Badugi-09_06_03_01	1011
Badugi-09_06_03_02	1010
Badugi-09_06_04_01	1009
Badugi-09_06_04_02	1008
Badugi-09_06_04_03	1007
Badugi-09_06_05_01	1006
Badugi-09_06_05_02	1005
Badugi-09_06_05_03	1004
Badugi-09_06_05_04	1003
Badugi-09_07_02_01	1002
Badugi-09_07_03_01	1001
Badugi-09_07_03_02	1000
Badugi-09_07_04_01	999
Badugi-09_07_04_02	998
Badugi-09_07_04_03	997
Badugi-09_07_05_01	996
Badugi-09_07_05_02	995
Badugi-09_07_05_03	994
Badugi-09_07_05_04	993
Badugi-09_07_06_01	992
Badugi-09_07_06_02	991
Badugi-09_07_06_03	990
Badugi-09_07_06_04	989
Badugi-09_07_06_05	988
Badugi-09_08_02_01	987
Badugi-09_08_03_01	986
Badugi-09_08_03_02	985
Badugi-09_08_04_01	984
Badugi-09_08_04_02	983
Badugi-09_08_04_03	982
Badugi-09_08_05_01	981
Badugi-09_08_05_02	980
Badugi-09_08_05_03	979
Badugi-09_08_05_04	978
Badugi-09_08_06_01	977
Badugi-09_08_06_02	976
Badugi-09_08_06_03	975
Badugi-09_08_06_04	974
Badugi-09_08_06_05	973
Badugi-09_08_07_01	972
Badugi-09_08_07_02	971
Badugi-09_08_07_03	970
Badugi-09_08_07_04	969
Badugi-09_08_07_05	968
Badugi-09_08_07_06	967
Badugi-10_03_02_01	966
Badugi-10_04_02_01	965
Badugi-10_04_03_01	964
Badugi-10_04_03_02	963
Badugi-10_05_02_01	962
Badugi-10_05_03_01	961
Badugi-10_05_03_02	960
Badugi-10_05_04_01	959
Badugi-10_05_04_02	958
Badugi-10_05_04_03	957
Badugi-10_06_02_01	956
Badugi-10_06_03_01	955
Badugi-10_06_03_02	954
Badugi-10_06_04_01	953
Badugi-10_06_04_02	952
Badugi-10_06_04_03	951
Badugi-10_06_05_01	950
Badugi-10_06_05_02	949
Badugi-10_06_05_03	948
Badugi-10_06_05_04	947
Badugi-10_07_02_01	946
Badugi-10_07_03_01	945
Badugi-10_07_03_02	944
Badugi-10_07_04_01	943
Badugi-10_07_04_02	942
Badugi-10_07_04_03	941
Badugi-10_07_05_01	940
Badugi-10_07_05_02	939
Badugi-10_07_05_03	938
Badugi-10_07_05_04	937
Badugi-10_07_06_01	936
Badugi-10_07_06_02	935
Badugi-10_07_06_03	934
Badugi-10_07_06_04	933
Badugi-10_07_06_05	932
Badugi-10_08_02_01	931
Badugi-10_08_03_01	930
Badugi-10_08_03_02	929
Badugi-10_08_04_01	928
Badugi-10_08_04_02	927
Badugi-10_08_04_03	926
Badugi-10_08_05_01	925
Badugi-10_08_05_02	924
Badugi-10_08_05_03	923
Badugi-10_08_05_04	922
Badugi-10_08_06_01	921
Badugi-10_08_06_02	920
Badugi-10_08_06_03	919
Badugi-10_08_06_04	918
Badugi-10_08_06_05	917
Badugi-10_08_07_01	916
Badugi-10_08_07_02	915
Badugi-10_08_07_03	914
Badugi-10_08_07_04	913
Badugi-10_08_07_05	912
Badugi-10_08_07_06	911
Badugi-10_09_02_01	910
Badugi-10_09_03_01	909
Badugi-10_09_03_02	908
Badugi-10_09_04_01	907
Badugi-10_09_04_02	906
Badugi-10_09_04_03	905
Badugi-10_09_05_01	904
Badugi-10_09_05_02	903
Badugi-10_09_05_03	902
Badugi-10_09_05_04	901
Badugi-10_09_06_01	900
Badugi-10_09_06_02	899
Badugi-10_09_06_03	898
Badugi-10_09_06_04	897
Badugi-10_09_06_05	896
Badugi-10_09_07_01	895
Badugi-10_09_07_02	894
Badugi-10_09_07_03	893
Badugi-10_09_07_04	892
Badugi-10_09_07_05	891
Badugi-10_09_07_06	890
Badugi-10_09_08_01	889
Badugi-10_09_08_02	888
Badugi-10_09_08_03	887
Badugi-10_09_08_04	886
Badugi-10_09_08_05	885
Badugi-10_09_08_06	884
Badugi-10_09_08_07	883
Badugi-11_03_02_01	882
Badugi-11_04_02_01	881
Badugi-11_04_03_01	880
Badugi-11_04_03_02	879
Badugi-11_05_02_01	878
Badugi-11_05_03_01	877
Badugi-11_05_03_02	876
Badugi-11_05_04_01	875
Badugi-11_05_04_02	874
Badugi-11_05_04_03	873
Badugi-11_06_02_01	872
Badugi-11_06_03_01	871
Badugi-11_06_03_02	870
Badugi-11_06_04_01	869
Badugi-11_06_04_02	868
Badugi-11_06_04_03	867
Badugi-11_06_05_01	866
Badugi-11_06_05_02	865
Badugi-11_06_05_03	864
Badugi-11_06_05_04	863
Badugi-11_07_02_01	862
Badugi-11_07_03_01	861
Badugi-11_07_03_02	860
Badugi-11_07_04_01	859
Badugi-11_07_04_02	858
Badugi-11_07_04_03	857
Badugi-11_07_05_01	856
Badugi-11_07_05_02	855
Badugi-11_07_05_03	854
Badugi-11_07_05_04	853
Badugi-11_07_06_01	852
Badugi-11_07_06_02	851
Badugi-11_07_06_03	850
Badugi-11_07_06_04	849
Badugi-11_07_06_05	848
Badugi-11_08_02_01	847
Badugi-11_08_03_01	846
Badugi-11_08_03_02	845
Badugi-11_08_04_01	844
Badugi-11_08_04_02	843
Badugi-11_08_04_03	842
Badugi-11_08_05_01	841
Badugi-11_08_05_02	840
Badugi-11_08_05_03	839
Badugi-11_08_05_04	838
Badugi-11_08_06_01	837
Badugi-11_08_06_02	836
Badugi-11_08_06_03	835
Badugi-11_08_06_04	834
Badugi-11_08_06_05	833
Badugi-11_08_07_01	832
Badugi-11_08_07_02	831
Badugi-11_08_07_03	830
Badugi-11_08_07_04	829
Badugi-11_08_07_05	828
Badugi-11_08_07_06	827
Badugi-11_09_02_01	826
Badugi-11_09_03_01	825
Badugi-11_09_03_02	824
Badugi-11_09_04_01	823
Badugi-11_09_04_02	822
Badugi-11_09_04_03	821
Badugi-11_09_05_01	820
Badugi-11_09_05_02	819
Badugi-11_09_05_03	818
Badugi-11_09_05_04	817
Badugi-11_09_06_01	816
Badugi-11_09_06_02	815
Badugi-11_09_06_03	814
Badugi-11_09_06_04	813
Badugi-11_09_06_05	812
Badugi-11_09_07_01	811
Badugi-11_09_07_02	810
Badugi-11_09_07_03	809
Badugi-11_09_07_04	808
Badugi-11_09_07_05	807
Badugi-11_09_07_06	806
Badugi-11_09_08_01	805
Badugi-11_09_08_02	804
Badugi-11_09_08_03	803
Badugi-11_09_08_04	802
Badugi-11_09_08_05	801
Badugi-11_09_08_06	800
Badugi-11_09_08_07	799
Badugi-11_10_02_01	798
Badugi-11_10_03_01	797
Badugi-11_10_03_02	796
Badugi-11_10_04_01	795
Badugi-11_10_04_02	794
Badugi-11_10_04_03	793
Badugi-11_10_05_01	792
Badugi-11_10_05_02	791
Badugi-11_10_05_03	790
Badugi-11_10_05_04	789
Badugi-11_10_06_01	788
Badugi-11_10_06_02	787
Badugi-11_10_06_03	786
Badugi-11_10_06_04	785
Badugi-11_10_06_05	784
Badugi-11_10_07_01	783
Badugi-11_10_07_02	782
Badugi-11_10_07_03	781
Badugi-11_10_07_04	780
Badugi-11_10_07_05	779
Badugi-11_10_07_06	778
Badugi-11_10_08_01	777
Badugi-11_10_08_02	776
Badugi-11_10_08_03	775
Badugi-11_10_08_04	774
Badugi-11_10_08_05	773
Badugi-11_10_08_06	772
Badugi-11_10_08_07	771
Badugi-11_10_09_01	770
Badugi-11_10_09_02	769
Badugi-11_10_09_03	768
Badugi-11_10_09_04	767
Badugi-11_10_09_05	766
Badugi-11_10_09_06	765
Badugi-11_10_09_07	764
Badugi-11_10_09_08	763
Badugi-12_03_02_01	762
Badugi-12_04_02_01	761
Badugi-12_04_03_01	760
Badugi-12_04_03_02	759
Badugi-12_05_02_01	758
Badugi-12_05_03_01	757
Badugi-12_05_03_02	756
Badugi-12_05_04_01	755
Badugi-12_05_04_02	754
Badugi-12_05_04_03	753
Badugi-12_06_02_01	752
Badugi-12_06_03_01	751
Badugi-12_06_03_02	750
Badugi-12_06_04_01	749
Badugi-12_06_04_02	748
Badugi-12_06_04_03	747
Badugi-12_06_05_01	746
Badugi-12_06_05_02	745
Badugi-12_06_05_03	744
Badugi-12_06_05_04	743
Badugi-12_07_02_01	742
Badugi-12_07_03_01	741
Badugi-12_07_03_02	740
Badugi-12_07_04_01	739
Badugi-12_07_04_02	738
Badugi-12_07_04_03	737
Badugi-12_07_05_01	736
Badugi-12_07_05_02	735
Badugi-12_07_05_03	734
Badugi-12_07_05_04	733
Badugi-12_07_06_01	732
Badugi-12_07_06_02	731
Badugi-12_07_06_03	730
Badugi-12_07_06_04	729
Badugi-12_07_06_05	728
Badugi-12_08_02_01	727
Badugi-12_08_03_01	726
Badugi-12_08_03_02	725
Badugi-12_08_04_01	724
Badugi-12_08_04_02	723
Badugi-12_08_04_03	722
Badugi-12_08_05_01	721
Badugi-12_08_05_02	720
Badugi-12_08_05_03	719
Badugi-12_08_05_04	718
Badugi-12_08_06_01	717
Badugi-12_08_06_02	716
Badugi-12_08_06_03	715
Badugi-12_08_06_04	714
Badugi-12_08_06_05	713
Badugi-12_08_07_01	712
Badugi-12_08_07_02	711
Badugi-12_08_07_03	710
Badugi-12_08_07_04	709
Badugi-12_08_07_05	708
Badugi-12_08_07_06	707
Badugi-12_09_02_01	706
Badugi-12_09_03_01	705
Badugi-12_09_03_02	704
Badugi-12_09_04_01	703
Badugi-12_09_04_02	702
Badugi-12_09_04_03	701
Badugi-12_09_05_01	700
Badugi-12_09_05_02	699
Badugi-12_09_05_03	698
Badugi-12_09_05_04	697
Badugi-12_09_06_01	696
Badugi-12_09_06_02	695
Badugi-12_09_06_03	694
Badugi-12_09_06_04	693
Badugi-12_09_06_05	692
Badugi-12_09_07_01	691
Badugi-12_09_07_02	690
Badugi-12_09_07_03	689
Badugi-12_09_07_04	688
Badugi-12_09_07_05	687
Badugi-12_09_07_06	686
Badugi-12_09_08_01	685
Badugi-12_09_08_02	684
Badugi-12_09_08_03	683
Badugi-12_09_08_04	682
Badugi-12_09_08_05	681
Badugi-12_09_08_06	680
Badugi-12_09_08_07	679
Badugi-12_10_02_01	678
Badugi-12_10_03_01	677
Badugi-12_10_03_02	676
Badugi-12_10_04_01	675
Badugi-12_10_04_02	674
Badugi-12_10_04_03	673
Badugi-12_10_05_01	672
Badugi-12_10_05_02	671
Badugi-12_10_05_03	670
Badugi-12_10_05_04	669
Badugi-12_10_06_01	668
Badugi-12_10_06_02	667
Badugi-12_10_06_03	666
Badugi-12_10_06_04	665
Badugi-12_10_06_05	664
Badugi-12_10_07_01	663
Badugi-12_10_07_02	662
Badugi-12_10_07_03	661
Badugi-12_10_07_04	660
Badugi-12_10_07_05	659
Badugi-12_10_07_06	658
Badugi-12_10_08_01	657
Badugi-12_10_08_02	656
Badugi-12_10_08_03	655
Badugi-12_10_08_04	654
Badugi-12_10_08_05	653
Badugi-12_10_08_06	652
Badugi-12_10_08_07	651
Badugi-12_10_09_01	650
Badugi-12_10_09_02	649
Badugi-12_10_09_03	648
Badugi-12_10_09_04	647
Badugi-12_10_09_05	646
Badugi-12_10_09_06	645
Badugi-12_10_09_07	644
Badugi-12_10_09_08	643
Badugi-12_11_02_01	642
Badugi-12_11_03_01	641
Badugi-12_11_03_02	640
Badugi-12_11_04_01	639
Badugi-12_11_04_02	638
Badugi-12_11_04_03	637
Badugi-12_11_05_01	636
Badugi-12_11_05_02	635
Badugi-12_11_05_03	634
Badugi-12_11_05_04	633
Badugi-12_11_06_01	632
Badugi-12_11_06_02	631
Badugi-12_11_06_03	630
Badugi-12_11_06_04	629
Badugi-12_11_06_05	628
Badugi-12_11_07_01	627
Badugi-12_11_07_02	626
Badugi-12_11_07_03	625
Badugi-12_11_07_04	624
Badugi-12_11_07_05	623
Badugi-12_11_07_06	622
Badugi-12_11_08_01	621
Badugi-12_11_08_02	620
Badugi-12_11_08_03	619
Badugi-12_11_08_04	618
Badugi-12_11_08_05	617
Badugi-12_11_08_06	616
Badugi-12_11_08_07	615
Badugi-12_11_09_01	614
Badugi-12_11_09_02	613
Badugi-12_11_09_03	612
Badugi-12_11_09_04	611
Badugi-12_11_09_05	610
Badugi-12_11_09_06	609
Badugi-12_11_09_07	608
Badugi-12_11_09_08	607
Badugi-12_11_10_01	606
Badugi-12_11_10_02	605
Badugi-12_11_10_03	604
Badugi-12_11_10_04	603
Badugi-12_11_10_05	602
Badugi-12_11_10_06	601
Badugi-12_11_10_07	600
Badugi-12_11_10_08	599
Badugi-12_11_10_09	598
Badugi-13_03_02_01	597
Badugi-13_04_02_01	596
Badugi-13_04_03_01	595
Badugi-13_04_03_02	594
Badugi-13_05_02_01	593
Badugi-13_05_03_01	592
Badugi-13_05_03_02	591
Badugi-13_05_04_01	590
Badugi-13_05_04_02	589
Badugi-13_05_04_03	588
Badugi-13_06_02_01	587
Badugi-13_06_03_01	586
Badugi-13_06_03_02	585
Badugi-13_06_04_01	584
Badugi-13_06_04_02	583
Badugi-13_06_04_03	582
Badugi-13_06_05_01	581
Badugi-13_06_05_02	580
Badugi-13_06_05_03	579
Badugi-13_06_05_04	578
Badugi-13_07_02_01	577
Badugi-13_07_03_01	576
Badugi-13_07_03_02	575
Badugi-13_07_04_01	574
Badugi-13_07_04_02	573
Badugi-13_07_04_03	572
Badugi-13_07_05_01	571
Badugi-13_07_05_02	570
Badugi-13_07_05_03	569
Badugi-13_07_05_04	568
Badugi-13_07_06_01	567
Badugi-13_07_06_02	566
Badugi-13_07_06_03	565
Badugi-13_07_06_04	564
Badugi-13_07_06_05	563
Badugi-13_08_02_01	562
Badugi-13_08_03_01	561
Badugi-13_08_03_02	560
Badugi-13_08_04_01	559
Badugi-13_08_04_02	558
Badugi-13_08_04_03	557
Badugi-13_08_05_01	556
Badugi-13_08_05_02	555
Badugi-13_08_05_03	554
Badugi-13_08_05_04	553
Badugi-13_08_06_01	552
Badugi-13_08_06_02	551
Badugi-13_08_06_03	550
Badugi-13_08_06_04	549
Badugi-13_08_06_05	548
Badugi-13_08_07_01	547
Badugi-13_08_07_02	546
Badugi-13_08_07_03	545
Badugi-13_08_07_04	544
Badugi-13_08_07_05	543
Badugi-13_08_07_06	542
Badugi-13_09_02_01	541
Badugi-13_09_03_01	540
Badugi-13_09_03_02	539
Badugi-13_09_04_01	538
Badugi-13_09_04_02	537
Badugi-13_09_04_03	536
Badugi-13_09_05_01	535
Badugi-13_09_05_02	534
Badugi-13_09_05_03	533
Badugi-13_09_05_04	532
Badugi-13_09_06_01	531
Badugi-13_09_06_02	530
Badugi-13_09_06_03	529
Badugi-13_09_06_04	528
Badugi-13_09_06_05	527
Badugi-13_09_07_01	526
Badugi-13_09_07_02	525
Badugi-13_09_07_03	524
Badugi-13_09_07_04	523
Badugi-13_09_07_05	522
Badugi-13_09_07_06	521
Badugi-13_09_08_01	520
Badugi-13_09_08_02	519
Badugi-13_09_08_03	518
Badugi-13_09_08_04	517
Badugi-13_09_08_05	516
Badugi-13_09_08_06	515
Badugi-13_09_08_07	514
Badugi-13_10_02_01	513
Badugi-13_10_03_01	512
Badugi-13_10_03_02	511
Badugi-13_10_04_01	510
Badugi-13_10_04_02	509
Badugi-13_10_04_03	508
Badugi-13_10_05_01	507
Badugi-13_10_05_02	506
Badugi-13_10_05_03	505
Badugi-13_10_05_04	504
Badugi-13_10_06_01	503
Badugi-13_10_06_02	502
Badugi-13_10_06_03	501
Badugi-13_10_06_04	500
Badugi-13_10_06_05	499
Badugi-13_10_07_01	498
Badugi-13_10_07_02	497
Badugi-13_10_07_03	496
Badugi-13_10_07_04	495
Badugi-13_10_07_05	494
Badugi-13_10_07_06	493
Badugi-13_10_08_01	492
Badugi-13_10_08_02	491
Badugi-13_10_08_03	490
Badugi-13_10_08_04	489
Badugi-13_10_08_05	488
Badugi-13_10_08_06	487
Badugi-13_10_08_07	486
Badugi-13_10_09_01	485
Badugi-13_10_09_02	484
Badugi-13_10_09_03	483
Badugi-13_10_09_04	482
Badugi-13_10_09_05	481
Badugi-13_10_09_06	480
Badugi-13_10_09_07	479
Badugi-13_10_09_08	478
Badugi-13_11_02_01	477
Badugi-13_11_03_01	476
Badugi-13_11_03_02	475
Badugi-13_11_04_01	474
Badugi-13_11_04_02	473
Badugi-13_11_04_03	472
Badugi-13_11_05_01	471
Badugi-13_11_05_02	470
Badugi-13_11_05_03	469
Badugi-13_11_05_04	468
Badugi-13_11_06_01	467
Badugi-13_11_06_02	466
Badugi-13_11_06_03	465
Badugi-13_11_06_04	464
Badugi-13_11_06_05	463
Badugi-13_11_07_01	462
Badugi-13_11_07_02	461
Badugi-13_11_07_03	460
Badugi-13_11_07_04	459
Badugi-13_11_07_05	458
Badugi-13_11_07_06	457
Badugi-13_11_08_01	456
Badugi-13_11_08_02	455
Badugi-13_11_08_03	454
Badugi-13_11_08_04	453
Badugi-13_11_08_05	452
Badugi-13_11_08_06	451
Badugi-13_11_08_07	450
Badugi-13_11_09_01	449
Badugi-13_11_09_02	448
Badugi-13_11_09_03	447
Badugi-13_11_09_04	446
Badugi-13_11_09_05	445
Badugi-13_11_09_06	444
Badugi-13_11_09_07	443
Badugi-13_11_09_08	442
Badugi-13_11_10_01	441
Badugi-13_11_10_02	440
Badugi-13_11_10_03	439
Badugi-13_11_10_04	438
Badugi-13_11_10_05	437
Badugi-13_11_10_06	436
Badugi-13_11_10_07	435
Badugi-13_11_10_08	434
Badugi-13_11_10_09	433
Badugi-13_12_02_01	432
Badugi-13_12_03_01	431
Badugi-13_12_03_02	430
Badugi-13_12_04_01	429
Badugi-13_12_04_02	428
Badugi-13_12_04_03	427
Badugi-13_12_05_01	426
Badugi-13_12_05_02	425
Badugi-13_12_05_03	424
Badugi-13_12_05_04	423
Badugi-13_12_06_01	422
Badugi-13_12_06_02	421
Badugi-13_12_06_03	420
Badugi-13_12_06_04	419
Badugi-13_12_06_05	418
Badugi-13_12_07_01	417
Badugi-13_12_07_02	416
Badugi-13_12_07_03	415
Badugi-13_12_07_04	414
Badugi-13_12_07_05	413
Badugi-13_12_07_06	412
Badugi-13_12_08_01	411
Badugi-13_12_08_02	410
Badugi-13_12_08_03	409
Badugi-13_12_08_04	408
Badugi-13_12_08_05	407
Badugi-13_12_08_06	406
Badugi-13_12_08_07	405
Badugi-13_12_09_01	404
Badugi-13_12_09_02	403
Badugi-13_12_09_03	402
Badugi-13_12_09_04	401
Badugi-13_12_09_05	400
Badugi-13_12_09_06	399
Badugi-13_12_09_07	398
Badugi-13_12_09_08	397
Badugi-13_12_10_01	396
Badugi-13_12_10_02	395
Badugi-13_12_10_03	394
Badugi-13_12_10_04	393
Badugi-13_12_10_05	392
Badugi-13_12_10_06	391
Badugi-13_12_10_07	390
Badugi-13_12_10_08	389
Badugi-13_12_10_09	388
Badugi-13_12_11_01	387
Badugi-13_12_11_02	386
Badugi-13_12_11_03	385
Badugi-13_12_11_04	384
Badugi-13_12_11_05	383
Badugi-13_12_11_06	382
Badugi-13_12_11_07	381
Badugi-13_12_11_08	380
Badugi-13_12_11_09	379
Badugi-13_12_11_10	378
Three_Card-03_02_01	377
Three_Card-04_02_01	376
Three_Card-04_03_01	375
Three_Card-04_03_02	374
Three_Card-05_02_01	373
Three_Card-05_03_01	372
Three_Card-05_03_02	371
Three_Card-05_04_01	370
Three_Card-05_04_02	369
Three_Card-05_04_03	368
Three_Card-06_02_01	367
Three_Card-06_03_01	366
Three_Card-06_03_02	365
Three_Card-06_04_01	364
Three_Card-06_04_02	363
Three_Card-06_04_03	362
Three_Card-06_05_01	361
Three_Card-06_05_02	360
Three_Card-06_05_03	359
Three_Card-06_05_04	358
Three_Card-07_02_01	357
Three_Card-07_03_01	356
Three_Card-07_03_02	355
Three_Card-07_04_01	354
Three_Card-07_04_02	353
Three_Card-07_04_03	352
Three_Card-07_05_01	351
Three_Card-07_05_02	350
Three_Card-07_05_03	349
Three_Card-07_05_04	348
Three_Card-07_06_01	347
Three_Card-07_06_02	346
Three_Card-07_06_03	345
Three_Card-07_06_04	344
Three_Card-07_06_05	343
Three_Card-08_02_01	342
Three_Card-08_03_01	341
Three_Card-08_03_02	340
Three_Card-08_04_01	339
Three_Card-08_04_02	338
Three_Card-08_04_03	337
Three_Card-08_05_01	336
Three_Card-08_05_02	335
Three_Card-08_05_03	334
Three_Card-08_05_04	333
Three_Card-08_06_01	332
Three_Card-08_06_02	331
Three_Card-08_06_03	330
Three_Card-08_06_04	329
Three_Card-08_06_05	328
Three_Card-08_07_01	327
Three_Card-08_07_02	326
Three_Card-08_07_03	325
Three_Card-08_07_04	324
Three_Card-08_07_05	323
Three_Card-08_07_06	322
Three_Card-09_02_01	321
Three_Card-09_03_01	320
Three_Card-09_03_02	319
Three_Card-09_04_01	318
Three_Card-09_04_02	317
Three_Card-09_04_03	316
Three_Card-09_05_01	315
Three_Card-09_05_02	314
Three_Card-09_05_03	313
Three_Card-09_05_04	312
Three_Card-09_06_01	311
Three_Card-09_06_02	310
Three_Card-09_06_03	309
Three_Card-09_06_04	308
Three_Card-09_06_05	307
Three_Card-09_07_01	306
Three_Card-09_07_02	305
Three_Card-09_07_03	304
Three_Card-09_07_04	303
Three_Card-09_07_05	302
Three_Card-09_07_06	301
Three_Card-09_08_01	300
Three_Card-09_08_02	299
Three_Card-09_08_03	298
Three_Card-09_08_04	297
Three_Card-09_08_05	296
Three_Card-09_08_06	295
Three_Card-09_08_07	294
Three_Card-10_02_01	293
Three_Card-10_03_01	292
Three_Card-10_03_02	291
Three_Card-10_04_01	290
Three_Card-10_04_02	289
Three_Card-10_04_03	288
Three_Card-10_05_01	287
Three_Card-10_05_02	286
Three_Card-10_05_03	285
Three_Card-10_05_04	284
Three_Card-10_06_01	283
Three_Card-10_06_02	282
Three_Card-10_06_03	281
Three_Card-10_06_04	280
Three_Card-10_06_05	279
Three_Card-10_07_01	278
Three_Card-10_07_02	277
Three_Card-10_07_03	276
Three_Card-10_07_04	275
Three_Card-10_07_05	274
Three_Card-10_07_06	273
Three_Card-10_08_01	272
Three_Card-10_08_02	271
Three_Card-10_08_03	270
Three_Card-10_08_04	269
Three_Card-10_08_05	268
Three_Card-10_08_06	267
Three_Card-10_08_07	266
Three_Card-10_09_01	265
Three_Card-10_09_02	264
Three_Card-10_09_03	263
Three_Card-10_09_04	262
Three_Card-10_09_05	261
Three_Card-10_09_06	260
Three_Card-10_09_07	259
Three_Card-10_09_08	258
Three_Card-11_02_01	257
Three_Card-11_03_01	256
Three_Card-11_03_02	255
Three_Card-11_04_01	254
Three_Card-11_04_02	253
Three_Card-11_04_03	252
Three_Card-11_05_01	251
Three_Card-11_05_02	250
Three_Card-11_05_03	249
Three_Card-11_05_04	248
Three_Card-11_06_01	247
Three_Card-11_06_02	246
Three_Card-11_06_03	245
Three_Card-11_06_04	244
Three_Card-11_06_05	243
Three_Card-11_07_01	242
Three_Card-11_07_02	241
Three_Card-11_07_03	240
Three_Card-11_07_04	239
Three_Card-11_07_05	238
Three_Card-11_07_06	237
Three_Card-11_08_01	236
Three_Card-11_08_02	235
Three_Card-11_08_03	234
Three_Card-11_08_04	233
Three_Card-11_08_05	232
Three_Card-11_08_06	231
Three_Card-11_08_07	230
Three_Card-11_09_01	229
Three_Card-11_09_02	228
Three_Card-11_09_03	227
Three_Card-11_09_04	226
Three_Card-11_09_05	225
Three_Card-11_09_06	224
Three_Card-11_09_07	223
Three_Card-11_09_08	222
Three_Card-11_10_01	221
Three_Card-11_10_02	220
Three_Card-11_10_03	219
Three_Card-11_10_04	218
Three_Card-11_10_05	217
Three_Card-11_10_06	216
Three_Card-11_10_07	215
Three_Card-11_10_08	214
Three_Card-11_10_09	213
Three_Card-12_02_01	212
Three_Card-12_03_01	211
Three_Card-12_03_02	210
Three_Card-12_04_01	209
Three_Card-12_04_02	208
Three_Card-12_04_03	207
Three_Card-12_05_01	206
Three_Card-12_05_02	205
Three_Card-12_05_03	204
Three_Card-12_05_04	203
Three_Card-12_06_01	202
Three_Card-12_06_02	201
Three_Card-12_06_03	200
Three_Card-12_06_04	199
Three_Card-12_06_05	198
Three_Card-12_07_01	197
Three_Card-12_07_02	196
Three_Card-12_07_03	195
Three_Card-12_07_04	194
Three_Card-12_07_05	193
Three_Card-12_07_06	192
Three_Card-12_08_01	191
Three_Card-12_08_02	190
Three_Card-12_08_03	189
Three_Card-12_08_04	188
Three_Card-12_08_05	187
Three_Card-12_08_06	186
Three_Card-12_08_07	185
Three_Card-12_09_01	184
Three_Card-12_09_02	183
Three_Card-12_09_03	182
Three_Card-12_09_04	181
Three_Card-12_09_05	180
Three_Card-12_09_06	179
Three_Card-12_09_07	178
Three_Card-12_09_08	177
Three_Card-12_10_01	176
Three_Card-12_10_02	175
Three_Card-12_10_03	174
Three_Card-12_10_04	173
Three_Card-12_10_05	172
Three_Card-12_10_06	171
Three_Card-12_10_07	170
Three_Card-12_10_08	169
Three_Card-12_10_09	168
Three_Card-12_11_01	167
Three_Card-12_11_02	166
Three_Card-12_11_03	165
Three_Card-12_11_04	164
Three_Card-12_11_05	163
Three_Card-12_11_06	162
Three_Card-12_11_07	161
Three_Card-12_11_08	160
Three_Card-12_11_09	159
Three_Card-12_11_10	158
Three_Card-13_02_01	157
Three_Card-13_03_01	156
Three_Card-13_03_02	155
Three_Card-13_04_01	154
Three_Card-13_04_02	153
Three_Card-13_04_03	152
Three_Card-13_05_01	151
Three_Card-13_05_02	150
Three_Card-13_05_03	149
Three_Card-13_05_04	148
Three_Card-13_06_01	147
Three_Card-13_06_02	146
Three_Card-13_06_03	145
Three_Card-13_06_04	144
Three_Card-13_06_05	143
Three_Card-13_07_01	142
Three_Card-13_07_02	141
Three_Card-13_07_03	140
Three_Card-13_07_04	139
Three_Card-13_07_05	138
Three_Card-13_07_06	137
Three_Card-13_08_01	136
Three_Card-13_08_02	135
Three_Card-13_08_03	134
Three_Card-13_08_04	133
Three_Card-13_08_05	132
Three_Card-13_08_06	131
Three_Card-13_08_07	130
Three_Card-13_09_01	129
Three_Card-13_09_02	128
Three_Card-13_09_03	127
Three_Card-13_09_04	126
Three_Card-13_09_05	125
Three_Card-13_09_06	124
Three_Card-13_09_07	123
Three_Card-13_09_08	122
Three_Card-13_10_01	121
Three_Card-13_10_02	120
Three_Card-13_10_03	119
Three_Card-13_10_04	118
Three_Card-13_10_05	117
Three_Card-13_10_06	116
Three_Card-13_10_07	115
Three_Card-13_10_08	114
Three_Card-13_10_09	113
Three_Card-13_11_01	112
Three_Card-13_11_02	111
Three_Card-13_11_03	110
Three_Card-13_11_04	109
Three_Card-13_11_05	108
Three_Card-13_11_06	107
Three_Card-13_11_07	106
Three_Card-13_11_08	105
Three_Card-13_11_09	104
Three_Card-13_11_10	103
Three_Card-13_12_01	102
Three_Card-13_12_02	101
Three_Card-13_12_03	100
Three_Card-13_12_04	99
Three_Card-13_12_05	98
Three_Card-13_12_06	97
Three_Card-13_12_07	96
Three_Card-13_12_08	95
Three_Card-13_12_09	94
Three_Card-13_12_10	93
Three_Card-13_12_11	92
Two_Card-02_01	91
Two_Card-03_01	90
Two_Card-03_02	89
Two_Card-04_01	88
Two_Card-04_02	87
Two_Card-04_03	86
Two_Card-05_01	85
Two_Card-05_02	84
Two_Card-05_03	83
Two_Card-05_04	82
Two_Card-06_01	81
Two_Card-06_02	80
Two_Card-06_03	79
Two_Card-06_04	78
Two_Card-06_05	77
Two_Card-07_01	76
Two_Card-07_02	75
Two_Card-07_03	74
Two_Card-07_04	73
Two_Card-07_05	72
Two_Card-07_06	71
Two_Card-08_01	70
Two_Card-08_02	69
Two_Card-08_03	68
Two_Card-08_04	67
Two_Card-08_05	66
Two_Card-08_06	65
Two_Card-08_07	64
Two_Card-09_01	63
Two_Card-09_02	62
Two_Card-09_03	61
Two_Card-09_04	60
Two_Card-09_05	59
Two_Card-09_06	58
Two_Card-09_07	57
Two_Card-09_08	56
Two_Card-10_01	55
Two_Card-10_02	54
Two_Card-10_03	53
Two_Card-10_04	52
Two_Card-10_05	51
Two_Card-10_06	50
Two_Card-10_07	49
Two_Card-10_08	48
Two_Card-10_09	47
Two_Card-11_01	46
Two_Card-11_02	45
Two_Card-11_03	44
Two_Card-11_04	43
Two_Card-11_05	42
Two_Card-11_06	41
Two_Card-11_07	40
Two_Card-11_08	39
Two_Card-11_09	38
Two_Card-11_10	37
Two_Card-12_01	36
Two_Card-12_02	35
Two_Card-12_03	34
Two_Card-12_04	33
Two_Card-12_05	32
Two_Card-12_06	31
Two_Card-12_07	30
Two_Card-12_08	29
Two_Card-12_09	28
Two_Card-12_10	27
Two_Card-12_11	26
Two_Card-13_01	25
Two_Card-13_02	24
Two_Card-13_03	23
Two_Card-13_04	22
Two_Card-13_05	21
Two_Card-13_06	20
Two_Card-13_07	19
Two_Card-13_08	18
Two_Card-13_09	17
Two_Card-13_10	16
Two_Card-13_11	15
Two_Card-13_12	14
One_Card-01	13
One_Card-02	12
One_Card-03	11
One_Card-04	10
One_Card-05	9
One_Card-06	8
One_Card-07	7
One_Card-08	6
One_Card-09	5
One_Card-10	4
One_Card-11	3
One_Card-12	2
One_Card-13	1
